Description,Category
swiggy,Food
zomato,Food
pizza hut,Food
dominos pizza,Food
mcdonalds,Food
kfc,Food
burger king,Food
restaurant dinner,Food
coffee shop,Food
grocery store,Food
flipkart,Shopping
amazon shopping,Shopping
myntra,Shopping
meesho,Shopping
ajio,Shopping
clothes shopping,Shopping
shoes shopping,Shopping
electronics shopping,Shopping

online shopping,Shopping
uber ride,Travel
ola ride,Travel
rapido ride,Travel
taxi fare,Travel
cab ride,Travel
bus ticket,Travel
train ticket,Travel
flight ticket,Travel
petrol station,Travel
fuel station,Travel
shampoo,Personal Care
soap,Personal Care
face wash,Personal Care
body wash,Personal Care
toothpaste,Personal Care
conditioner,Personal Care
skincare,Personal Care
sunscreen,Personal Care
hair salon,Personal Care
beauty salon,Personal Care

spotify subscription,Entertainment
youtube premium,Entertainment
movie ticket,Entertainment
cinema,Entertainment
concert ticket,Entertainment
music subscription,Entertainment

gaming,Entertainment
electricity bill,Bills
water bill,Bills
internet bill,Bills
mobile bill,Bills
rent payment,Bills
insurance payment,Bills
phone recharge,Bills
gas bill,Bills
mortgage payment,Bills
utility bill,Bills
home repair,Home
furniture purchase,Home
home decor,Home
kitchen items,Home
home appliances,Home
house repair,Home
cleaning supplies,Home
home maintenance,Home
plumbing repair,Home
hardware store,Home
credit card payment,Financial
bank fee,Financial
loan payment,Financial
atm fee,Financial
bank charge,Financial
financial service fee,Financial
shirt,Shopping
t shirt,Shopping
tshirt,Shopping
jeans,Shopping
jeans pants,Shopping
trousers,Shopping
dress,Shopping
skirt,Shopping
jacket,Shopping
shoes,Shopping
sandals,Shopping
slippers,Shopping
sneakers,Shopping
handbag,Shopping
backpack,Shopping

detergent,Home
laundry detergent,Home
dishwashing liquid,Home
dish soap,Home
floor cleaner,Home
toilet cleaner,Home
glass cleaner,Home
disinfectant,Home
laundry powder,Home
washing powder,Home

rice,Food
milk,Food
bread,Food
eggs,Food
chicken,Food
vegetables,Food
fruits,Food
biscuits,Food
snacks,Food
dove shampoo,Personal Care
dove soap,Personal Care
clinic plus shampoo,Personal Care
head shoulders shampoo,Personal Care
pantene shampoo,Personal Care
colgate toothpaste,Personal Care
sensodyne toothpaste,Personal Care
nivea face wash,Personal Care
nivea body wash,Personal Care
lakme face cream,Personal Care
amul milk,Food
britannia bread,Food
parle g biscuits,Food
aashirvaad atta,Food
india gate basmati rice,Food
maggi noodles,Food
nestle milk,Food
amul curd,Food
nike shoes,Shopping
adidas shoes,Shopping
puma shoes,Shopping
levis jeans,Shopping
puma tshirt,Shopping
zara dress,Shopping
surf excel detergent,Home
vim dishwash,Home
harpic toilet cleaner,Home
lizol floor cleaner,Home